0.04305092547907362, 0.0000022132796780684147
0.22160713357636577, 0.00005629778672032194
0.2835641153192215, 0.00005694164989939638
0.37837950210488, 0.000023943661971830983
0.4356946104672314, 0.000028450704225352116
0.8843882483090426, 0.0000020523138832997975
1.067399229324285, 0.000055653923541247496
1.102761216746976, 0.00005678068410462777
1.2152798711085702, 0.000023943661971830983
1.2549808073533448, 0.00002668008048289737
1.708111399021435, 1.2072434607645529e-7
0.6492296955162709, 0.000010583501006036218
1.4462954850876477, 0.00001026156941649898
1.8155070645273859, 0.00005983903420523139
0.11956610511779153, 0.00005983903420523139
0.19041481360487625, 0.00005983903420523139
0.9653136531365313, 0.000059999999999999995
1.040581496358223, 0.000060160965794768615
2.594842857885319, 0.00005983903420523139
2.679581548330573, 0.0000488933601609658
2.719407218217051, 0.000049376257545271645
2.822909412192714, 0.000019436619718309857
2.5007491443123686, -2.0120724346076559e-7
2.0346106157238633, 0.00002136820925553321
2.0876402325391465, 0.000023299798792756527
1.940017967584102, 0.0000503420523138833
1.9090483862585104, 0.00004985915492957748
3.503019593576218, 0.00005211267605633803
3.3963099630996307, 0.000059999999999999995
3.5250974481575805, 0.00005323943661971831
3.3111347049084174, -0.0000011670020120724316
3.637714107523369, 0.0000186317907444668
3.681753992590228, 0.00002297786720321932
3.8242354495979565, 0.00000881287726358149
3.9395784299895316, 0.000004949698189134816
3.864114576759449, 0.000008329979879275645
3.9750027842330744, 0.000004949698189134812
4.130411992248695, -0.000002776659959758563
4.237638376383764, 0.000059999999999999995
4.313422973263939, 0.000050824949698189136
4.35764995879335, 0.00005179074446680082
4.4612501577732075, 0.000020080482897384312
4.509833911216376, 0.000022334004024144858
4.945252325762694, -0.00000422535211267606
5.05694239236155, 0.00005790744466800806
5.146207132091441, 0.000045191146881287726
5.177167803871198, 0.00004583501006036217
5.280634359663516, 0.000016539235412474835
5.324798978372077, 0.00001863179074446678
5.715749849651414, -0.000004547283702213268
5.810066301870262, 0.00005146881287726358
5.858810427138477, 0.000050824949698189136
5.9123300689747325, 0.00004390342052313884
5.9477276945807676, 0.00004438631790744465
2.2567255934128756, 0.000008490945674044262
2.862601438891652, 0.000022334004024144865
