0.02353602416833537, 3.318842870692386
-0.006941370709945012, 3.230806196648757
0.007180243791056204, 3.2208093582042396
0.08225664804861735, 3.3868858678469858
0.004707204833667075, 3.3321719886184056
0.38665121017318255, 4.0757002845399946
0.8317841711455363, 5.10333227948151
1.4481329258439588, 6.557818526715147
2.0076158358801406, 7.860739803983562
2.435156496996521, 8.846019601644011
2.5366213510380424, 9.075624407208348
2.599430920012644, 9.168175782484983
2.59657849439702, 9.087986089155867
2.6694207327783035, 9.146032247865952
2.6706572522569982, 9.09035093265887
2.5914919029051164, 8.899766044894088
2.512944813292583, 8.681340499525769
2.351143429233848, 8.247821688270632
2.1142656409175524, 7.64822636737275
1.8334071029613226, 6.942750553272211
1.5173639652931459, 6.152570344609551
1.3379702813784373, 5.676699336073352
1.1714616924860357, 5.246512804299718
1.115214107563143, 5.067107176730954
1.1246285172304769, 5.0604426177679445
1.112979941686865, 4.959076825798296
1.0514068921909576, 4.810844135314577
1.0080444022903707, 4.677122984508381
0.9916886219130919, 4.579089472020237
0.9483261320125052, 4.44536832121404
0.8393016475216912, 4.1389061018020925
0.7519584079811709, 3.8993044577932388
0.7180103277479184, 3.7589187480240325
0.6441704429690516, 3.537160923174203
0.5932483226191729, 3.326582358520395
0.6255804967154952, 3.3310970597534055
0.5259704218920156, 3.0179702813784406
0.5447992412266838, 3.0046411634524217
0.5290617205887509, 2.8787669933607356
0.48161028559384494, 2.720537464432507
0.42883338602592463, 2.5934808725893177
0.41718481048231215, 2.4921150806196684
0.5456563740471418, 2.7574075245020584
0.7174904275125584, 3.1564211191906457
1.0347700846594299, 3.8909200126462276
1.4799030456317839, 4.918552007587735
2.0346787508342983, 6.2248055643376565
2.5278814065409057, 7.38282643060386
2.876256718305406, 8.177521340499526
3.000021077036567, 8.446146063863422
3.120314750412757, 8.66242175150174
3.090455615273825, 8.546544419854568
3.0530368496855997, 8.353809674359786
3.005585414690693, 8.195580145431554
2.9757262795517607, 8.079702813784383
2.8836758351775726, 7.843433449257036
2.725963396213158, 7.434423016123935
2.414627463378648, 6.640910527979768
2.1472722801840716, 5.953278533038256
1.8752098921558287, 5.268978817578252
1.6782239083851473, 4.750755611760988
1.6084729687006003, 4.553506165033197
1.5346330839217335, 4.331748340183373
1.567583517757403, 4.308422383812838
1.5066287280008428, 4.132349035725579
1.4321705834826286, 3.938431868479295
1.4475287174623246, 3.872753714827697
1.3027013735202164, 3.509427758457165
1.295141743070924, 3.43257034460955
1.2517792531703373, 3.2988491938033544
1.204327818175431, 3.140619664875122
1.073622088734324, 2.767296870060073
1.1540239575648998, 2.9022004426177714
1.1294902869989814, 2.7551501738855553
1.1530263111673165, 2.7384887764780297
1.1460849404573712, 2.6337907050268754
1.116225805318437, 2.517913373379704
1.1573541293427476, 2.543604173253244
1.180890153511083, 2.5269427758457184
1.4629852109460075, 3.176737274739173
1.8817297221344005, 4.140840973759092
2.2781747286331533, 5.065924754979451
2.7408999894614814, 6.135908947202026
3.2428987950960746, 7.315105912108758
3.6129553518108675, 8.176661397407525
3.7191274106860566, 8.402933923490357
3.768433624899005, 8.477641479607968
3.8337162328309957, 8.45883022447044
3.8349527523096905, 8.403148909263358
3.734106158007515, 8.14570344609548
3.6074893736607296, 7.796889029402466
3.4233884849123544, 7.3243503003477715
3.107345347244177, 6.53417009168511
2.8088945094319726, 5.786342080303511
2.53274317630941, 5.077533986721468
2.375030737344995, 4.668523553588368
2.2484139529982077, 4.319709136895354
2.2273509677872623, 4.225007903888715
2.241472582288263, 4.2150110654442
2.1588365475814095, 3.972077141953842
2.103207222397864, 3.764830856781538
2.024660132785331, 3.546405311413216
1.9731197526961035, 3.363667404362949
1.908076017845224, 3.163085678153653
1.8295289282326899, 2.944660132785333
1.7509818386201568, 2.72623458741701
1.5932693996557414, 2.3172241542839087
1.7446587276495593, 2.593695858362315
1.7012962377489724, 2.4599747075561202
1.63687076263744, 2.2315523237432844
1.5278462781466242, 1.925090104331332
1.5108722380299975, 1.8548972494467302
1.5607967119822932, 1.9017641479607965
1.616046650507603, 1.9174581093898215
1.6782379597428578, 2.037850142269998
1.8026205782133702, 2.2786342080303523
1.8695190922822917, 2.395693961429025
1.9452137562792013, 2.53392981346823
2.2354867039027644, 3.2327410686057547
2.6982119647310916, 4.302725260828328
2.9275301225980956, 4.8254631678785955
3.302293884146555, 5.683686373695858
3.7738152949028687, 6.774846664558964
4.073502652193767, 7.466993360733481
4.162082411212983, 7.650913689535251
4.3052938490181605, 7.878368637369586
4.279523658973547, 7.78699968384445
4.259078933501948, 7.66445779323427
4.251519303052656, 7.587600379386657
4.09789580918256, 7.203098324375593
3.878610320722239, 6.645855200758772
3.67282818702357, 6.106455896300979
3.2999192046931527, 5.1647107176730955
3.00146836688095, 4.416882706291495
2.790979028348614, 3.880815681315209
2.642062739312186, 3.4929813468226367
2.5770190044613055, 3.2923996206133417
2.5003266940668145, 2.990452102434399
2.4745565040222015, 2.8990831489092646
2.4940035830962164, 2.857913373379703
2.4154564934836826, 2.639487828011381
2.35511996346647, 2.435573822320581
2.2548916289036427, 2.1502877015491633
2.1348368286085626, 1.7146190325640216
2.132602662732284, 1.6065886816313641
2.095183897144058, 1.4138539361365803
2.097656936101449, 1.302491305722417
2.1164857554361167, 1.2891621877963972
2.0866266202971833, 1.1732848561492268
2.1670284891277607, 1.3081884287069245
2.5019004461306076, 2.0850395194435674
2.9071416025573473, 3.0312993993044604
3.220332314609899, 3.741289914638002
3.7399234201004665, 4.962839076825798
4.338679874942915, 6.374973126778372
4.713443636491374, 7.233196332595637
4.829030105033898, 7.452804299715456
4.9006358239364864, 7.566531773632625
4.9452348333157685, 7.644571609231739
4.942382407700142, 7.564381915902622
4.872631468015595, 7.367132469174831
4.715537288790528, 6.930281378438192
4.580124354515754, 6.560290863104646
4.387227315839392, 6.066576035409421
4.093483682860855, 5.315415744546316
3.7997400498823195, 4.564255453683208
3.5628622615660235, 3.964660132785329
3.45383777707521, 3.658197913373381
3.361787332701022, 3.4219285488460303
3.306776267256823, 3.186841606070189
3.264650296834931, 2.9974391400569056
3.1908104120560647, 2.7756813152070814
3.1175887870165453, 2.5260828327537155
3.0308638072153715, 2.258640531141322
2.966438332103839, 2.030218147328485
2.929019566515615, 1.8374834018337012
2.966677205184951, 1.8108251659816608
2.959117574735659, 1.7339677521340509
2.930494959075421, 1.5624091052797988
2.8971651385815154, 1.3941827379070482
3.039140056907999, 1.6773190009484686
3.382808163838831, 2.475346190325637
3.788667580004917, 3.3937654125829875
4.092443882390136, 4.11042048687954
4.577468647908104, 5.219424596901673
5.01789440404679, 6.250388871324688
5.326377911265674, 6.963711666139738
5.406161520356903, 7.126455896300976
5.509481153616467, 7.272538729054692
5.519513823023147, 7.238033512488141
5.449762883338602, 7.040784065760351
5.433407102961322, 6.9427505532722105
5.376541258299083, 6.79118558330698
5.2628095689746015, 6.488055643376535
5.061116380370253, 5.973164717040781
4.802557347103664, 5.306708820739798
4.50410650929146, 4.5588808093582
4.284821020831138, 4.001637685741385
4.114223486844416, 3.5469427758457117
4.035676397231882, 3.328517230477396
3.885762461797871, 2.776971229845084
3.829514876874978, 2.597565602276318
3.768560087118418, 2.4214922541890562
3.677127902483578, 2.1573822320581675
3.6302947272280184, 1.971312045526398
3.552365897354833, 1.7250458425545343
3.496736572171287, 1.5177995573822294
3.404306741138863, 1.0899778691116007
3.4900340745424536, 1.1937085045842517
3.4749148136438683, 1.0399936768890266
3.5722907225910707, 1.245090104331334
3.9247549794498897, 2.0642933923490308
4.40507254013419, 3.1766297818526708
4.687167597569115, 3.826424280746126
4.960466505076053, 4.455042680999048
5.436076860926686, 5.570711349984187
6.010299645203215, 6.835795131204552
6.046102504654512, 6.8926588681631324
6.008683739066285, 6.699924122668347
5.9231952787438065, 6.376800505848873
5.721502090139459, 5.861909579513119
5.423051252327254, 5.114081568131521
5.134014824182385, 4.359588997786903
4.831475041275863, 3.587252608283272
4.625074647837847, 3.07569396142902
4.507254013419046, 2.748055643376542
4.4462992236624865, 2.571982295289283
4.381873748550954, 2.343559911476448
4.352014613412021, 2.2276825798292705
4.309270383250782, 2.0661207714195404
4.2652896336108475, 1.960240278216883
4.174475708715355, 1.6682895984824508
4.109431973864474, 1.4677078722731531
4.031503143991288, 1.2214416693012904
3.9441599044507685, 0.9818400252924455
3.9196262338848493, 0.8347897565602267
3.894474303579583, 0.7155801454315478
3.905125232725612, 0.6532342712614625
3.903509326588678, 0.5173632627252536
3.966318895563284, 0.6099146380018938
3.97758808444866, 0.5197281062282615
4.171721642603718, 0.9577616187164057
4.669631503143991, 2.1124502055011023
5.02209576000281, 2.931653493518805
5.291305722415427, 3.5357635156496983
5.687750728914181, 4.460847296870053
6.180953384620787, 5.618868163136256
6.530565215863982, 6.357881757824849
6.611585344433905, 6.464944672779006
6.58234446903432, 6.321226683528293
6.460434889521198, 5.969079987353776
6.298633505462465, 5.535561176098632
6.096940316858116, 5.020670249762876
5.820788983735555, 4.311862156180835
5.504745846067376, 3.5216819475181804
5.2326834580391335, 2.837382232058168
5.066793128886078, 2.3793550426809924
4.948972494467278, 2.051716724628511
4.928527768995679, 1.9291748340183323
4.885165279095092, 1.795453683212136
4.816032599149892, 1.5703635788808024
4.759785014226999, 1.39095795131204
4.681237924614465, 1.1725324059437199
4.6026908350019315, 0.9541068605754015
4.572831699863, 0.8382295289282329
4.517202374679454, 0.6309832437559226
4.435184599711948, 0.3602086626620231
4.400618259739348, 0.24766361049635677
4.344988934555797, 0.040417325324051845
4.273622088734324, -0.2927031299399374
4.238058102364136, -0.5689598482453437
4.3624407208346465, -0.3281757824849887
4.758885727333404, 0.5969079987353707
5.177630238521797, 1.5610116977552888
5.521298345452628, 2.3590388871324697
5.966431306424984, 3.3866708820739744
6.442041662275616, 4.502339551059115
6.759321319422488, 5.236838444514696
