0.0035806158478417934, -0.0000027435059744745586
0.18346135240583905, 0.000057868363405382686
0.4230461456388373, 0.000010961391602732493
0.45038903029508404, 0.000012152217630916267
0.6061096518393605, 0.0000018706058112671935
0.6610033862137246, -3.0217698730959213e-7
0.8665813708514365, -0.0000024600405531870564
0.9504997942954283, 0.00005972648602339158
1.1067629333924078, 0.00003756373979953978
1.180834663254834, 0.000015392855812397455
1.0333964763484955, 0.000044289149061218605
1.2492280427322995, 0.000017577845255910076
1.3546934549778247, 0.00000788531707890468
1.468884357862662, 0.000007104543900972497
1.628872784154871, 0.0000033580081015954823
1.7129087530686145, 0.00006297028889059683
1.8369192236573826, 0.000047140982996595715
1.9570687776627442, 0.000015865750279170522
2.0072154834509544, 0.000017652893517367388
2.428118684756613, -1.2721507656273764e-7
2.1904688707949242, 0.00000440371068443115
2.5166213815209484, 0.00006166372578450305
2.6131442961060807, 0.00004781189637010552
2.742444312833704, 0.00001614153003512806
2.7926723962548206, 0.000016146503112694522
2.9713324683192353, 0.0000034909249020078078
3.1906903987956112, -4.4775253061826517e-7
3.2974036014123547, 0.00006253311016271011
3.5417625491091407, 0.000011072155603076165
3.430772499785254, 0.00004175423579621237
3.587343065495431, 0.000012858846743312427
3.939572586588062, -9.676651852922504e-7
3.706507045946715, 0.000003167674860188791
4.073836638922923, 0.00005864958868127556
4.1705494346515, 0.00004063936222540709
4.290418687921298, 0.000015502715616819927
4.358875361113246, 0.000016301572713175575
4.450642205153013, 0.000006607688242288409
4.56036638018726, 0.0000036482549922918076
4.756848153857978, 6.974116035463686e-7
4.854510355303788, 0.00006189519994032316
5.089538001094077, 0.00001478975713297567
5.116853759872689, 0.0000165746398813696
5.286272949622725, 0.0000062943843556022814
5.533118436102734, 3.782304433725806e-7
5.63070830187485, 0.00006316017003404306
5.768444466547011, 0.00004673816371371363
5.870265969230214, 0.000016847254951603052
5.911253170336948, 0.000019227550714088885
5.979926850549978, 0.000015273954048763386
