0, -0.0000015162454873646252
0.03322259136212622, -0.0000015162454873646256
0.07308970099667761, -0.000003032490974729252
0.08637873754152824, -0.000002274368231046937
0.0930232558139534, 7.581227436822992e-7
0.10631229235880384, 0.000009350180505415152
0.1196013289036543, 0.00002350180505415162
0.1328903654485047, 0.00003992779783393501
0.1528239202657806, 0.00005584837545126352
0.15946843853820566, 0.0000651985559566787
0.16611295681063137, 0.00006620938628158844
0.1727574750830562, 0.00006772563176895306
0.19933554817275748, 0.00006620938628158842
0.2126245847176078, 0.0000631768953068592
0.22591362126245854, 0.000059386281588447645
0.23920265780730887, 0.00005685920577617328
0.24584717607973408, 0.00005407942238267147
0.26578073089701004, 0.00005231046931407942
0.27906976744186024, 0.000050541516245487354
0.2923588039867109, 0.00004902527075812275
0.30564784053156135, 0.000047509025270758124
0.3122923588039865, 0.000045740072202166066
0.318936877076412, 0.000044223826714801434
0.33222591362126225, 0.000040685920577617324
0.34551495016611306, 0.000036642599277978335
0.3588039867109633, 0.00003032490974729241
0.3720930232558139, 0.000024259927797833928
0.39202657807308966, 0.000019458483754512633
0.40531561461794, 0.00001693140794223826
0.41860465116279044, 0.00001592057761732851
0.4451827242524915, 0.00001642599277978339
0.45847176079734214, 0.000017184115523465702
0.4850498338870429, 0.000016173285198555957
0.5049833887043187, 0.000014151624548736455
0.5182724252491694, 0.000012382671480144394
0.5448504983388702, 0.000010866425992779775
0.5514950166112955, 0.00000859205776173284
0.5847176079734219, 0.0000073285198555956555
0.6112956810631227, 0.000005559566787003602
0.6312292358803985, 0.000004043321299638979
0.6644518272425246, 0.0000030324909747292376
0.7043189368770765, 0.0000027797833935017974
0.7574750830564783, 0.000002021660649819483
0.7906976744186045, 7.581227436822968e-7
0.8239202657807307, -5.054151624548816e-7
0.857142857142857, -0.0000012635379061371938
0.8637873754152824, 0.000001516245487364613
0.883720930232558, 0.000008844765342960286
0.8903654485049832, 0.000022490974729241863
0.9036544850498336, 0.00003866425992779783
0.923588039867109, 0.00005382671480144403
0.9302325581395349, 0.00006519855595667869
0.9368770764119593, 0.00006873646209386281
0.9634551495016609, 0.00006848375451263537
0.9833887043189364, 0.00006570397111913356
0.9900332225913615, 0.00006166064981949458
1.0099667774086376, 0.00005862815884476533
1.0299003322259135, 0.00005382671480144403
1.069767441860465, 0.000049783393501805055
1.0830564784053154, 0.000047003610108303244
1.0963455149501657, 0.00004447653429602887
1.1096345514950163, 0.00004093862815884476
1.122923588039867, 0.000036895306859205775
1.142857142857143, 0.000031335740072202154
1.1495016611295679, 0.00002577617328519855
1.1627906976744184, 0.000021480144404332117
1.182724252491694, 0.00001844765342960289
1.20265780730897, 0.000016931407942238266
1.2491694352159466, 0.000018194945848375448
1.2890365448504981, 0.000014404332129963892
1.3222591362126244, 0.00001061371841155233
1.3754152823920267, 0.000006317689530685921
1.4219269102990033, 0.000003285198555956679
1.4950166112956809, 0.0000012635379061371843
1.5614617940199333, -0.0000010108303249097795
1.6079734219269104, -0.00000404332129963901
1.6345514950166111, -0.000004296028880866468
1.6411960132890362, -0.0000020216606498194992
1.654485049833887, 0.000004043321299638984
1.6677740863787374, 0.00001617328519855596
1.6810631229235877, 0.00003361010830324908
1.7009966777408636, 0.00005028880866425992
1.7142857142857144, 0.00006191335740072202
1.714285714285714, 0.00006570397111913357
1.7408637873754151, 0.00006747292418772561
1.760797342192691, 0.00006241877256317688
1.7807308970099665, 0.00005862815884476533
1.7873754152823917, 0.000055090252707581216
1.8006644518272423, 0.000052563176895306845
1.8073089700996676, 0.00004877256317689529
1.8272425249169437, 0.00004548736462093862
1.8538205980066442, 0.00004245487364620937
1.87375415282392, 0.00003967509025270758
1.8870431893687705, 0.00003689530685920576
1.8936877076411955, 0.0000323465703971119
1.9136212624584714, 0.000026787003610108285
1.926910299003322, 0.000021732851985559554
1.926910299003322, 0.00001768953068592056
1.953488372093023, 0.00001516245487364621
1.9667774086378738, 0.000013898916967509026
2, 0.000015667870036101074
2.0465116279069764, 0.000012635379061371839
2.0797342192691026, 0.000009602888086642602
2.112956810631229, 0.000006064981949458477
2.1528239202657806, 0.000003285198555956671
2.2325581395348837, 0.0000015162454873646101
2.29235880398671, 0.000001516245487364608
2.3455149501661126, -0.0000010108303249097858
2.392026578073089, -0.0000015162454873646677
2.4119601328903655, 0.000003285198555956673
2.425249169435216, 0.00001339350180505414
2.438538205980066, 0.000029314079422382666
2.451827242524917, 0.00004700361010830324
2.4717607973421925, 0.00006216606498194947
2.478405315614618, 0.00006974729241877257
2.4983388704318936, 0.00007025270758122743
2.5116279069767438, 0.00006873646209386281
2.5182724252491693, 0.00006469314079422383
2.54485049833887, 0.00006090252707581226
2.551495016611296, 0.000057870036101083006
2.571428571428571, 0.00005458483754512635
2.5847176079734218, 0.00005231046931407942
2.604651162790697, 0.00004978339350180503
2.617940199335548, 0.00004675090252707582
2.637873754152823, 0.000043971119133573994
2.6511627906976747, 0.00003967509025270758
2.664451827242525, 0.00003436823104693141
2.6710963455149495, 0.000029061371841155233
2.6843853820598005, 0.00002425992779783393
2.7043189368770757, 0.000021480144404332117
2.7308970099667773, 0.000019711191335740063
2.7840531561461797, 0.00001920577617328518
2.817275747508306, 0.00001541516245487364
2.8571428571428568, 0.000012635379061371832
2.877076411960133, 0.000009855595667870047
2.9235880398671092, 0.000007581227436823092
2.996677740863787, 0.000004801444043321294
3.023255813953488, 0.00000252707581227436
3.083056478405315, 0.000002021660649819473
3.129568106312292, -5.054151624548879e-7
3.1760797342192695, 7.581227436822954e-7
3.1893687707641196, 0.00000884476534296028
3.2026578073089698, 0.00002299638989169673
3.2093023255813957, 0.00004018050541516245
3.2159468438538212, 0.00005736462093862815
3.2358803986710964, 0.00006797833935018052
3.2491694352159466, 0.00006974729241877255
3.2823920265780733, 0.00006823104693140794
3.3023255813953485, 0.00006469314079422384
3.3089700996677744, 0.00006140794223826715
3.3355481727574747, 0.0000583754512635379
3.3488372093023253, 0.00005458483754512635
3.3820598006644516, 0.000051552346570397106
3.401993355481727, 0.00004902527075812273
3.4086378737541527, 0.00004574007220216606
3.415282392026578, 0.00004220216606498194
3.428571428571428, 0.000036389891696750895
3.441860465116279, 0.000030324909747292412
3.461794019933554, 0.000025776173285198536
3.475083056478405, 0.00002198555956678699
3.5083056478405314, 0.000020469314079422382
3.5747508305647835, 0.000018447653429602898
3.59468438538206, 0.0000151624548736462
3.6279069767441863, 0.000011371841155234648
3.661129568106312, 0.000008339350180505418
3.700996677740863, 0.000005306859205776167
3.7807308970099665, 0.0000032851985559566655
3.8538205980066436, 0.0000017689530685920584
3.9003322259136213, -2.5270758122748627e-7
3.9202657807308974, 0.000001263537906137187
3.9335548172757475, 0.000004043321299638985
3.9468438538205968, 0.000012129963898916959
3.9667774086378738, 0.000026787003610108306
3.980066445182723, 0.000044476534296028894
3.9933554817275745, 0.00005938628158844766
4, 0.00006873646209386281
4.026578073089701, 0.00007025270758122742
4.0531561461794015, 0.00006823104693140792
4.0664451827242525, 0.00006469314079422381
4.079734219269103, 0.00006140794223826714
4.106312292358804, 0.0000591335740072202
4.119601328903654, 0.00005610108303249095
4.1395348837209305, 0.000053826714801444024
4.166112956810631, 0.00005104693140794223
4.172757475083056, 0.00004574007220216607
4.192691029900332, 0.0000411913357400722
4.199335548172757, 0.00003563176895306858
4.219269102990032, 0.00002956678700361011
4.232558139534882, 0.000025270758122743687
4.26578073089701, 0.000021227436823104684
4.312292358803988, 0.000021227436823104684
4.372093023255814, 0.000017184115523465685
4.4053156146179395, 0.000013393501805054153
4.458471760797342, 0.000009350180505415143
4.518272425249169, 0.000007075812274368247
4.584717607973422, 0.0000050541516245487474
4.651162790697674, 0.0000032851985559566723
4.6976744186046515, 0.0000015162454873646027
4.710963455149501, 0.000003537906137184087
4.724252491694352, 0.000009855595667870025
4.7441860465116275, 0.000023249097472924182
4.750830564784053, 0.00004043321299638988
4.764119601328904, 0.000056859205776173274
4.770764119601329, 0.0000674729241877256
4.823920265780731, 0.00006848375451263537
4.850498338870432, 0.00006469314079422384
4.870431893687707, 0.00006166064981949458
4.897009966777408, 0.000057617328519855593
4.916943521594684, 0.00005407942238267147
4.93687707641196, 0.00005155234657039712
4.95016611295681, 0.00004801444043321298
4.970099667774085, 0.00004371841155234657
4.970099667774087, 0.00003841155234657037
4.990033222591362, 0.00003133574007220215
5.016611295681063, 0.000023501805054151615
5.043189368770762, 0.000021480144404332138
5.08970099667774, 0.000022743682310469323
5.129568106312293, 0.000019963898916967526
5.149501661129567, 0.000016678700361010836
5.182724252491694, 0.000013646209386281564
5.209302325581396, 0.000011119133574007234
5.275747508305647, 0.000007075812274368227
5.335548172757474, 0.000004801444043321273
5.415282392026578, 0.0000027797833935018127
5.475083056478404, 0.0000010108303249097551
5.49501661129568, 0.000006570397111913346
5.5083056478405314, 0.00001844765342960286
5.521594684385382, 0.00003411552346570397
5.541528239202656, 0.000051299638989169646
5.554817275747507, 0.00006342960288808661
5.554817275747507, 0.00006873646209386278
5.581395348837209, 0.00006999999999999997
5.601328903654485, 0.00006595667870036098
5.627906976744185, 0.000059133574007220205
5.634551495016611, 0.000055595667870036096
5.6544850498338874, 0.000052815884476534305
5.674418604651163, 0.000049530685920577615
5.707641196013289, 0.00004574007220216605
5.720930232558139, 0.000042202166064981956
5.7275747508305646, 0.00003765342960288808
5.747508305647841, 0.00003335740072202163
5.76079734219269, 0.0000280505415162455
5.780730897009966, 0.000023249097472924172
5.813953488372094, 0.000020722021660649795
5.840531561461794, 0.000022238267148014444
5.88704318936877, 0.000020469314079422372
5.913621262458472, 0.000016678700361010812
5.9468438538205985, 0.000013393501805054153
6, 0.000010108303249097485
